-3,0,0,3,0,0,time:,0
-2.99653,-0.149944,0,2.99653,0.149944,0,time:,0.5
-2.98612,-0.299543,0,2.98612,0.299543,0,time:,1
-2.96882,-0.448451,0,2.96882,0.448451,0,time:,1.5
-2.94466,-0.596326,0,2.94466,0.596326,0,time:,2
-2.91371,-0.742828,0,2.91371,0.742828,0,time:,2.5
-2.87607,-0.887626,0,2.87607,0.887626,0,time:,3
-2.83183,-1.03039,0,2.83183,1.03039,0,time:,3.5
-2.78113,-1.17081,0,2.78113,1.17081,0,time:,4
-2.7241,-1.30856,0,2.7241,1.30856,0,time:,4.5
-2.66091,-1.44335,0,2.66091,1.44335,0,time:,5
-2.59172,-1.57489,0,2.59172,1.57489,0,time:,5.5
-2.51672,-1.70291,0,2.51672,1.70291,0,time:,6
-2.43611,-1.82714,0,2.43611,1.82714,0,time:,6.5
-2.35012,-1.94732,0,2.35012,1.94732,0,time:,7
-2.25896,-2.06323,0,2.25896,2.06323,0,time:,7.5
-2.16286,-2.17463,0,2.16286,2.17463,0,time:,8
-2.06208,-2.28133,0,2.06208,2.28133,0,time:,8.5
-1.95687,-2.38313,0,1.95687,2.38313,0,time:,9
-1.84749,-2.47984,0,1.84749,2.47984,0,time:,9.5
-1.7342,-2.57132,0,1.7342,2.57132,0,time:,10
-1.61728,-2.65742,0,1.61728,2.65742,0,time:,10.5
-1.49699,-2.738,0,1.49699,2.738,0,time:,11
-1.37363,-2.81295,0,1.37363,2.81295,0,time:,11.5
-1.24747,-2.88217,0,1.24747,2.88217,0,time:,12
-1.11879,-2.94557,0,1.11879,2.94557,0,time:,12.5
-0.987869,-3.0031,0,0.987869,3.0031,0,time:,13
-0.854995,-3.05468,0,0.854995,3.05468,0,time:,13.5
-0.720445,-3.10029,0,0.720445,3.10029,0,time:,14
-0.584498,-3.13988,0,0.584498,3.13988,0,time:,14.5
-0.447427,-3.17345,0,0.447427,3.17345,0,time:,15
-0.309505,-3.201,0,0.309505,3.201,0,time:,15.5
-0.171,-3.22254,0,0.171,3.22254,0,time:,16
-0.0321753,-3.23808,0,0.0321753,3.23808,0,time:,16.5
0.106711,-3.24766,0,-0.106711,3.24766,0,time:,17
0.245404,-3.25133,0,-0.245404,3.25133,0,time:,17.5
0.383657,-3.24914,0,-0.383657,3.24914,0,time:,18
0.521226,-3.24114,0,-0.521226,3.24114,0,time:,18.5
0.657877,-3.22743,0,-0.657877,3.22743,0,time:,19
0.793379,-3.20806,0,-0.793379,3.20806,0,time:,19.5
0.927508,-3.18315,0,-0.927508,3.18315,0,time:,20
1.06005,-3.15277,0,-1.06005,3.15277,0,time:,20.5
1.19079,-3.11704,0,-1.19079,3.11704,0,time:,21
1.31953,-3.07606,0,-1.31953,3.07606,0,time:,21.5
1.44607,-3.02996,0,-1.44607,3.02996,0,time:,22
1.57023,-2.97886,0,-1.57023,2.97886,0,time:,22.5
1.69182,-2.92287,0,-1.69182,2.92287,0,time:,23
1.81066,-2.86215,0,-1.81066,2.86215,0,time:,23.5
1.92659,-2.79682,0,-1.92659,2.79682,0,time:,24
2.03945,-2.72702,0,-2.03945,2.72702,0,time:,24.5
2.14908,-2.65291,0,-2.14908,2.65291,0,time:,25
2.25534,-2.57464,0,-2.25534,2.57464,0,time:,25.5
2.35809,-2.49235,0,-2.35809,2.49235,0,time:,26
2.45719,-2.4062,0,-2.45719,2.4062,0,time:,26.5
2.55251,-2.31636,0,-2.55251,2.31636,0,time:,27
2.64394,-2.22297,0,-2.64394,2.22297,0,time:,27.5
2.73136,-2.12622,0,-2.73136,2.12622,0,time:,28
2.81466,-2.02626,0,-2.81466,2.02626,0,time:,28.5
2.89375,-1.92327,0,-2.89375,1.92327,0,time:,29
2.96853,-1.81741,0,-2.96853,1.81741,0,time:,29.5
3.03891,-1.70885,0,-3.03891,1.70885,0,time:,30
3.10481,-1.59778,0,-3.10481,1.59778,0,time:,30.5
3.16615,-1.48436,0,-3.16615,1.48436,0,time:,31
3.22287,-1.36876,0,-3.22287,1.36876,0,time:,31.5
3.27489,-1.25118,0,-3.27489,1.25118,0,time:,32
3.32217,-1.13177,0,-3.32217,1.13177,0,time:,32.5
3.36464,-1.01073,0,-3.36464,1.01073,0,time:,33
3.40226,-0.888237,0,-3.40226,0.888237,0,time:,33.5
3.43499,-0.764462,0,-3.43499,0.764462,0,time:,34
3.4628,-0.639589,0,-3.4628,0.639589,0,time:,34.5
3.48565,-0.513801,0,-3.48565,0.513801,0,time:,35
3.50352,-0.387277,0,-3.50352,0.387277,0,time:,35.5
3.51639,-0.2602,0,-3.51639,0.2602,0,time:,36
3.52425,-0.13275,0,-3.52425,0.13275,0,time:,36.5
3.52709,-0.00511099,0,-3.52709,0.00511099,0,time:,37
3.5249,0.122537,0,-3.5249,-0.122537,0,time:,37.5
3.51769,0.250011,0,-3.51769,-0.250011,0,time:,38
3.50547,0.377129,0,-3.50547,-0.377129,0,time:,38.5
3.48826,0.503711,0,-3.48826,-0.503711,0,time:,39
3.46606,0.629575,0,-3.46606,-0.629575,0,time:,39.5
3.43891,0.75454,0,-3.43891,-0.75454,0,time:,40
3.40683,0.878425,0,-3.40683,-0.878425,0,time:,40.5
3.36986,1.00105,0,-3.36986,-1.00105,0,time:,41
3.32805,1.12224,0,-3.32805,-1.12224,0,time:,41.5
3.28143,1.2418,0,-3.28143,-1.2418,0,time:,42
3.23007,1.35958,0,-3.23007,-1.35958,0,time:,42.5
3.17402,1.47538,0,-3.17402,-1.47538,0,time:,43
3.11334,1.58903,0,-3.11334,-1.58903,0,time:,43.5
3.0481,1.70035,0,-3.0481,-1.70035,0,time:,44
2.97839,1.80918,0,-2.97839,-1.80918,0,time:,44.5
2.90427,1.91533,0,-2.90427,-1.91533,0,time:,45
2.82585,2.01865,0,-2.82585,-2.01865,0,time:,45.5
2.7432,2.11895,0,-2.7432,-2.11895,0,time:,46
2.65644,2.21607,0,-2.65644,-2.21607,0,time:,46.5
2.56568,2.30985,0,-2.56568,-2.30985,0,time:,47
2.47101,2.40012,0,-2.47101,-2.40012,0,time:,47.5
2.37256,2.48673,0,-2.37256,-2.48673,0,time:,48
2.27047,2.5695,0,-2.27047,-2.5695,0,time:,48.5
2.16485,2.6483,0,-2.16485,-2.6483,0,time:,49
2.05585,2.72296,0,-2.05585,-2.72296,0,time:,49.5
1.94362,2.79333,0,-1.94362,-2.79333,0,time:,50
1.8283,2.85928,0,-1.8283,-2.85928,0,time:,50.5
1.71006,2.92065,0,-1.71006,-2.92065,0,time:,51
1.58906,2.97732,0,-1.58906,-2.97732,0,time:,51.5
1.46548,3.02915,0,-1.46548,-3.02915,0,time:,52
1.3395,3.07601,0,-1.3395,-3.07601,0,time:,52.5
1.21129,3.11778,0,-1.21129,-3.11778,0,time:,53
1.08107,3.15434,0,-1.08107,-3.15434,0,time:,53.5
0.949018,3.18559,0,-0.949018,-3.18559,0,time:,54
0.815353,3.21142,0,-0.815353,-3.21142,0,time:,54.5
0.680286,3.23173,0,-0.680286,-3.23173,0,time:,55
0.544039,3.24644,0,-0.544039,-3.24644,0,time:,55.5
0.406837,3.25545,0,-0.406837,-3.25545,0,time:,56
0.268915,3.25871,0,-0.268915,-3.25871,0,time:,56.5
0.130511,3.25614,0,-0.130511,-3.25614,0,time:,57
-0.00812923,3.24769,0,0.00812923,-3.24769,0,time:,57.5
-0.146756,3.23332,0,0.146756,-3.23332,0,time:,58
-0.285113,3.21299,0,0.285113,-3.21299,0,time:,58.5
-0.42294,3.18667,0,0.42294,-3.18667,0,time:,59
-0.559972,3.15436,0,0.559972,-3.15436,0,time:,59.5
-0.695941,3.11606,0,0.695941,-3.11606,0,time:,60
-0.830575,3.07177,0,0.830575,-3.07177,0,time:,60.5
-0.963599,3.02153,0,0.963599,-3.02153,0,time:,61
-1.09474,2.96537,0,1.09474,-2.96537,0,time:,61.5
-1.22371,2.90334,0,1.22371,-2.90334,0,time:,62
-1.35024,2.83551,0,1.35024,-2.83551,0,time:,62.5
-1.47404,2.76195,0,1.47404,-2.76195,0,time:,63
-1.59485,2.68278,0,1.59485,-2.68278,0,time:,63.5
-1.71238,2.59809,0,1.71238,-2.59809,0,time:,64
-1.82635,2.50801,0,1.82635,-2.50801,0,time:,64.5
-1.93651,2.41268,0,1.93651,-2.41268,0,time:,65
-2.04258,2.31226,0,2.04258,-2.31226,0,time:,65.5
-2.14431,2.20692,0,2.14431,-2.20692,0,time:,66
-2.24143,2.09684,0,2.24143,-2.09684,0,time:,66.5
-2.33372,1.98223,0,2.33372,-1.98223,0,time:,67
-2.42093,1.86331,0,2.42093,-1.86331,0,time:,67.5
-2.50283,1.7403,0,2.50283,-1.7403,0,time:,68
-2.57921,1.61346,0,2.57921,-1.61346,0,time:,68.5
-2.64987,1.48303,0,2.64987,-1.48303,0,time:,69
-2.71462,1.34929,0,2.71462,-1.34929,0,time:,69.5
-2.77327,1.21252,0,2.77327,-1.21252,0,time:,70
-2.82568,1.07302,0,2.82568,-1.07302,0,time:,70.5
-2.8717,0.931091,0,2.8717,-0.931091,0,time:,71
-2.9112,0.787045,0,2.9112,-0.787045,0,time:,71.5
-2.94406,0.641204,0,2.94406,-0.641204,0,time:,72
-2.9702,0.493896,0,2.9702,-0.493896,0,time:,72.5
-2.98954,0.345457,0,2.98954,-0.345457,0,time:,73
-3.00202,0.196224,0,3.00202,-0.196224,0,time:,73.5
-3.00762,0.0465383,0,3.00762,-0.0465383,0,time:,74
-3.00631,-0.103256,0,3.00631,0.103256,0,time:,74.5
-2.9981,-0.252814,0,2.9981,0.252814,0,time:,75
-2.98301,-0.401795,0,2.98301,0.401795,0,time:,75.5
-2.96109,-0.549857,0,2.96109,0.549857,0,time:,76
-2.93239,-0.696662,0,2.93239,0.696662,0,time:,76.5
-2.897,-0.84188,0,2.897,0.84188,0,time:,77
-2.85502,-0.985184,0,2.85502,0.985184,0,time:,77.5
-2.80656,-1.12626,0,2.80656,1.12626,0,time:,78
-2.75176,-1.26478,0,2.75176,1.26478,0,time:,78.5
-2.69077,-1.40047,0,2.69077,1.40047,0,time:,79
-2.62375,-1.53302,0,2.62375,1.53302,0,time:,79.5
-2.55089,-1.66216,0,2.55089,1.66216,0,time:,80
-2.47238,-1.78762,0,2.47238,1.78762,0,time:,80.5
-2.38843,-1.90915,0,2.38843,1.90915,0,time:,81
-2.29925,-2.02651,0,2.29925,2.02651,0,time:,81.5
-2.20509,-2.13947,0,2.20509,2.13947,0,time:,82
-2.10617,-2.24782,0,2.10617,2.24782,0,time:,82.5
-2.00275,-2.35137,0,2.00275,2.35137,0,time:,83
-1.89508,-2.44993,0,1.89508,2.44993,0,time:,83.5
-1.78342,-2.54334,0,1.78342,2.54334,0,time:,84
-1.66804,-2.63145,0,1.66804,2.63145,0,time:,84.5
-1.54922,-2.71413,0,1.54922,2.71413,0,time:,85
-1.42722,-2.79125,0,1.42722,2.79125,0,time:,85.5
-1.30232,-2.8627,0,1.30232,2.8627,0,time:,86
-1.17481,-2.92841,0,1.17481,2.92841,0,time:,86.5
-1.04495,-2.98829,0,1.04495,2.98829,0,time:,87
-0.91304,-3.04229,0,0.91304,3.04229,0,time:,87.5
-0.779344,-3.09036,0,0.779344,3.09036,0,time:,88
-0.644143,-3.13246,0,0.644143,3.13246,0,time:,88.5
-0.507709,-3.16857,0,0.507709,3.16857,0,time:,89
-0.370313,-3.1987,0,0.370313,3.1987,0,time:,89.5
-0.232222,-3.22284,0,0.232222,3.22284,0,time:,90
-0.0936986,-3.241,0,0.0936986,3.241,0,time:,90.5
0.0449979,-3.25323,0,-0.0449979,3.25323,0,time:,91
0.183614,-3.25955,0,-0.183614,3.25955,0,time:,91.5
0.321903,-3.26002,0,-0.321903,3.26002,0,time:,92
0.459621,-3.25469,0,-0.459621,3.25469,0,time:,92.5
0.596532,-3.24364,0,-0.596532,3.24364,0,time:,93
0.732405,-3.22693,0,-0.732405,3.22693,0,time:,93.5
0.867017,-3.20466,0,-0.867017,3.20466,0,time:,94
1.00015,-3.17691,0,-1.00015,3.17691,0,time:,94.5
1.13159,-3.14379,0,-1.13159,3.14379,0,time:,95
1.26114,-3.10541,0,-1.26114,3.10541,0,time:,95.5
1.38859,-3.06186,0,-1.38859,3.06186,0,time:,96
1.51377,-3.01329,0,-1.51377,3.01329,0,time:,96.5
1.63648,-2.9598,0,-1.63648,2.9598,0,time:,97
1.75654,-2.90152,0,-1.75654,2.90152,0,time:,97.5
1.8738,-2.83861,0,-1.8738,2.83861,0,time:,98
1.98807,-2.77118,0,-1.98807,2.77118,0,time:,98.5
2.09922,-2.69938,0,-2.09922,2.69938,0,time:,99
2.20709,-2.62337,0,-2.20709,2.62337,0,time:,99.5
2.31154,-2.54328,0,-2.31154,2.54328,0,time:,100
2.41242,-2.45928,0,-2.41242,2.45928,0,time:,100.5
2.50962,-2.37152,0,-2.50962,2.37152,0,time:,101
2.60302,-2.28016,0,-2.60302,2.28016,0,time:,101.5
2.69248,-2.18536,0,-2.69248,2.18536,0,time:,102
2.77792,-2.08728,0,-2.77792,2.08728,0,time:,102.5
2.85921,-1.98609,0,-2.85921,1.98609,0,time:,103
2.93628,-1.88196,0,-2.93628,1.88196,0,time:,103.5
3.00901,-1.77506,0,-3.00901,1.77506,0,time:,104
3.07734,-1.66555,0,-3.07734,1.66555,0,time:,104.5
3.14118,-1.55361,0,-3.14118,1.55361,0,time:,105
3.20045,-1.43942,0,-3.20045,1.43942,0,time:,105.5
3.2551,-1.32314,0,-3.2551,1.32314,0,time:,106
3.30506,-1.20496,0,-3.30506,1.20496,0,time:,106.5
3.35028,-1.08504,0,-3.35028,1.08504,0,time:,107
3.3907,-0.963573,0,-3.3907,0.963573,0,time:,107.5
3.42629,-0.840729,0,-3.42629,0.840729,0,time:,108
3.457,-0.716687,0,-3.457,0.716687,0,time:,108.5
3.4828,-0.591626,0,-3.4828,0.591626,0,time:,109
3.50366,-0.465726,0,-3.50366,0.465726,0,time:,109.5
3.51956,-0.339165,0,-3.51956,0.339165,0,time:,110
3.53049,-0.212124,0,-3.53049,0.212124,0,time:,110.5
3.53643,-0.0847828,0,-3.53643,0.0847828,0,time:,111
3.53738,0.0426793,0,-3.53738,-0.0426793,0,time:,111.5
3.53334,0.170082,0,-3.53334,-0.170082,0,time:,112
3.52431,0.297246,0,-3.52431,-0.297246,0,time:,112.5
3.5103,0.42399,0,-3.5103,-0.42399,0,time:,113
3.49132,0.550137,0,-3.49132,-0.550137,0,time:,113.5
3.46741,0.675505,0,-3.46741,-0.675505,0,time:,114
3.43858,0.799917,0,-3.43858,-0.799917,0,time:,114.5
3.40486,0.923193,0,-3.40486,-0.923193,0,time:,115
3.3663,1.04516,0,-3.3663,-1.04516,0,time:,115.5
3.32293,1.16563,0,-3.32293,-1.16563,0,time:,116
3.27481,1.28443,0,-3.27481,-1.28443,0,time:,116.5
3.22199,1.4014,0,-3.22199,-1.4014,0,time:,117
3.16452,1.51634,0,-3.16452,-1.51634,0,time:,117.5
3.10248,1.62909,0,-3.10248,-1.62909,0,time:,118
3.03593,1.73948,0,-3.03593,-1.73948,0,time:,118.5
2.96495,1.84733,0,-2.96495,-1.84733,0,time:,119
2.88962,1.95247,0,-2.88962,-1.95247,0,time:,119.5
2.81004,2.05473,0,-2.81004,-2.05473,0,time:,120
2.72629,2.15396,0,-2.72629,-2.15396,0,time:,120.5
2.63848,2.24997,0,-2.63848,-2.24997,0,time:,121
2.54672,2.34261,0,-2.54672,-2.34261,0,time:,121.5
2.45111,2.43172,0,-2.45111,-2.43172,0,time:,122
2.35179,2.51714,0,-2.35179,-2.51714,0,time:,122.5
2.24886,2.59871,0,-2.24886,-2.59871,0,time:,123
2.14247,2.67628,0,-2.14247,-2.67628,0,time:,123.5
2.03276,2.7497,0,-2.03276,-2.7497,0,time:,124
1.91988,2.81882,0,-1.91988,-2.81882,0,time:,124.5
1.80396,2.88351,0,-1.80396,-2.88351,0,time:,125
1.68518,2.94361,0,-1.68518,-2.94361,0,time:,125.5
1.56371,2.999,0,-1.56371,-2.999,0,time:,126
1.4397,3.04955,0,-1.4397,-3.04955,0,time:,126.5
1.31335,3.09513,0,-1.31335,-3.09513,0,time:,127
1.18484,3.13562,0,-1.18484,-3.13562,0,time:,127.5
1.05436,3.1709,0,-1.05436,-3.1709,0,time:,128
0.922116,3.20088,0,-0.922116,-3.20088,0,time:,128.5
0.788312,3.22545,0,-0.788312,-3.22545,0,time:,129
0.653161,3.24451,0,-0.653161,-3.24451,0,time:,129.5
0.516884,3.25798,0,-0.516884,-3.25798,0,time:,130
0.379706,3.26577,0,-0.379706,-3.26577,0,time:,130.5
0.241859,3.26783,0,-0.241859,-3.26783,0,time:,131
0.103582,3.26408,0,-0.103582,-3.26408,0,time:,131.5
-0.0348818,3.25447,0,0.0348818,-3.25447,0,time:,132
-0.173283,3.23896,0,0.173283,-3.23896,0,time:,132.5
-0.311368,3.21753,0,0.311368,-3.21753,0,time:,133
-0.448878,3.19014,0,0.448878,-3.19014,0,time:,133.5
-0.58555,3.15679,0,0.58555,-3.15679,0,time:,134
-0.721117,3.11747,0,0.721117,-3.11747,0,time:,134.5
-0.85531,3.07222,0,0.85531,-3.07222,0,time:,135
-0.987856,3.02104,0,0.987856,-3.02104,0,time:,135.5
-1.11848,2.96398,0,1.11848,-2.96398,0,time:,136
-1.24691,2.9011,0,1.24691,-2.9011,0,time:,136.5
-1.37286,2.83246,0,1.37286,-2.83246,0,time:,137
-1.49606,2.75814,0,1.49606,-2.75814,0,time:,137.5
-1.61624,2.67825,0,1.61624,-2.67825,0,time:,138
-1.73312,2.59289,0,1.73312,-2.59289,0,time:,138.5
-1.84643,2.50218,0,1.84643,-2.50218,0,time:,139
-1.95591,2.40628,0,1.95591,-2.40628,0,time:,139.5
-2.06129,2.30533,0,2.06129,-2.30533,0,time:,140
-2.16231,2.19951,0,2.16231,-2.19951,0,time:,140.5
-2.25873,2.089,0,2.25873,-2.089,0,time:,141
-2.3503,1.97402,0,2.3503,-1.97402,0,time:,141.5
-2.4368,1.85476,0,2.4368,-1.85476,0,time:,142
-2.51799,1.73147,0,2.51799,-1.73147,0,time:,142.5
-2.59367,1.60439,0,2.59367,-1.60439,0,time:,143
-2.66364,1.47377,0,2.66364,-1.47377,0,time:,143.5
-2.72771,1.33989,0,2.72771,-1.33989,0,time:,144
-2.78571,1.20302,0,2.78571,-1.20302,0,time:,144.5
-2.83748,1.06346,0,2.83748,-1.06346,0,time:,145
-2.88288,0.921509,0,2.88288,-0.921509,0,time:,145.5
-2.92178,0.777481,0,2.92178,-0.777481,0,time:,146
-2.95407,0.631694,0,2.95407,-0.631694,0,time:,146.5
-2.97967,0.484473,0,2.97967,-0.484473,0,time:,147
-2.99851,0.33615,0,2.99851,-0.33615,0,time:,147.5
-3.01052,0.187061,0,3.01052,-0.187061,0,time:,148
-3.01567,0.0375444,0,3.01567,-0.0375444,0,time:,148.5
-3.01396,-0.11206,0,3.01396,0.11206,0,time:,149
-3.00539,-0.26141,0,3.00539,0.26141,0,time:,149.5
-2.98997,-0.410168,0,2.98997,0.410168,0,time:,150
-2.96775,-0.557995,0,2.96775,0.557995,0,time:,150.5
-2.93881,-0.704558,0,2.93881,0.704558,0,time:,151
-2.9032,-0.849527,0,2.9032,0.849527,0,time:,151.5
-2.86105,-0.99258,0,2.86105,0.99258,0,time:,152
-2.81245,-1.1334,0,2.81245,1.1334,0,time:,152.5
-2.75755,-1.27169,0,2.75755,1.27169,0,time:,153
-2.6965,-1.40713,0,2.6965,1.40713,0,time:,153.5
-2.62946,-1.53946,0,2.62946,1.53946,0,time:,154
-2.5566,-1.66838,0,2.5566,1.66838,0,time:,154.5
-2.47814,-1.79365,0,2.47814,1.79365,0,time:,155
-2.39426,-1.915,0,2.39426,1.915,0,time:,155.5
-2.30519,-2.0322,0,2.30519,2.0322,0,time:,156
-2.21115,-2.14502,0,2.21115,2.14502,0,time:,156.5
-2.11239,-2.25326,0,2.11239,2.25326,0,time:,157
-2.00914,-2.35672,0,2.00914,2.35672,0,time:,157.5
-1.90167,-2.45523,0,1.90167,2.45523,0,time:,158
-1.79022,-2.54862,0,1.79022,2.54862,0,time:,158.5
-1.67508,-2.63673,0,1.67508,2.63673,0,time:,159
-1.55649,-2.71944,0,1.55649,2.71944,0,time:,159.5
-1.43475,-2.79663,0,1.43475,2.79663,0,time:,160
-1.31011,-2.86819,0,1.31011,2.86819,0,time:,160.5
-1.18286,-2.93404,0,1.18286,2.93404,0,time:,161
-1.05328,-2.99409,0,1.05328,2.99409,0,time:,161.5
-0.921631,-3.04829,0,0.921631,3.04829,0,time:,162
-0.7882,-3.0966,0,0.7882,3.0966,0,time:,162.5
-0.653258,-3.13897,0,0.653258,3.13897,0,time:,163
-0.517075,-3.1754,0,0.517075,3.1754,0,time:,163.5
-0.37992,-3.20586,0,0.37992,3.20586,0,time:,164
-0.242058,-3.23037,0,0.242058,3.23037,0,time:,164.5
-0.103749,-3.24894,0,0.103749,3.24894,0,time:,165
0.0347505,-3.2616,0,-0.0347505,3.2616,0,time:,165.5
0.173189,-3.26839,0,-0.173189,3.26839,0,time:,166
0.311321,-3.26935,0,-0.311321,3.26935,0,time:,166.5
0.448905,-3.26454,0,-0.448905,3.26454,0,time:,167
0.585707,-3.25404,0,-0.585707,3.25404,0,time:,167.5
0.721498,-3.2379,0,-0.721498,3.2379,0,time:,168
0.856055,-3.21622,0,-0.856055,3.21622,0,time:,168.5
0.989162,-3.18909,0,-0.989162,3.18909,0,time:,169
1.12061,-3.15661,0,-1.12061,3.15661,0,time:,169.5
1.2502,-3.11887,0,-1.2502,3.11887,0,time:,170
1.37773,-3.076,0,-1.37773,3.076,0,time:,170.5
1.50301,-3.0281,0,-1.50301,3.0281,0,time:,171
1.62586,-2.97531,0,-1.62586,2.97531,0,time:,171.5
1.7461,-2.91775,0,-1.7461,2.91775,0,time:,172
1.86357,-2.85554,0,-1.86357,2.85554,0,time:,172.5
1.97811,-2.78884,0,-1.97811,2.78884,0,time:,173
2.08955,-2.71777,0,-2.08955,2.71777,0,time:,173.5
2.19775,-2.64249,0,-2.19775,2.64249,0,time:,174
2.30257,-2.56314,0,-2.30257,2.56314,0,time:,174.5
2.40388,-2.47987,0,-2.40388,2.47987,0,time:,175
2.50154,-2.39284,0,-2.50154,2.39284,0,time:,175.5
2.59543,-2.3022,0,-2.59543,2.3022,0,time:,176
2.68543,-2.20812,0,-2.68543,2.20812,0,time:,176.5
2.77145,-2.11075,0,-2.77145,2.11075,0,time:,177
2.85337,-2.01026,0,-2.85337,2.01026,0,time:,177.5
2.93109,-1.90682,0,-2.93109,1.90682,0,time:,178
3.00453,-1.80058,0,-3.00453,1.80058,0,time:,178.5
3.0736,-1.69173,0,-3.0736,1.69173,0,time:,179
3.13823,-1.58043,0,-3.13823,1.58043,0,time:,179.5
3.19834,-1.46685,0,-3.19834,1.46685,0,time:,180
3.25385,-1.35117,0,-3.25385,1.35117,0,time:,180.5
3.30472,-1.23355,0,-3.30472,1.23355,0,time:,181
3.35088,-1.11418,0,-3.35088,1.11418,0,time:,181.5
3.39229,-0.993226,0,-3.39229,0.993226,0,time:,182
3.4289,-0.870864,0,-3.4289,0.870864,0,time:,182.5
3.46067,-0.747273,0,-3.46067,0.747273,0,time:,183
3.48756,-0.622628,0,-3.48756,0.622628,0,time:,183.5
3.50956,-0.497106,0,-3.50956,0.497106,0,time:,184
3.52662,-0.370887,0,-3.52662,0.370887,0,time:,184.5
3.53875,-0.244146,0,-3.53875,0.244146,0,time:,185
3.54592,-0.117063,0,-3.54592,0.117063,0,time:,185.5
3.54813,0.0101855,0,-3.54813,-0.0101855,0,time:,186
3.54538,0.13742,0,-3.54538,-0.13742,0,time:,186.5
3.53766,0.264464,0,-3.53766,-0.264464,0,time:,187
3.52499,0.391138,0,-3.52499,-0.391138,0,time:,187.5
3.50739,0.517265,0,-3.50739,-0.517265,0,time:,188
3.48486,0.642668,0,-3.48486,-0.642668,0,time:,188.5
3.45744,0.767168,0,-3.45744,-0.767168,0,time:,189
3.42516,0.890591,0,-3.42516,-0.890591,0,time:,189.5
3.38804,1.01276,0,-3.38804,-1.01276,0,time:,190
3.34614,1.1335,0,-3.34614,-1.1335,0,time:,190.5
3.2995,1.25263,0,-3.2995,-1.25263,0,time:,191
3.24816,1.36998,0,-3.24816,-1.36998,0,time:,191.5
3.19219,1.48538,0,-3.19219,-1.48538,0,time:,192
3.13166,1.59865,0,-3.13166,-1.59865,0,time:,192.5
3.06661,1.70962,0,-3.06661,-1.70962,0,time:,193
2.99714,1.81813,0,-2.99714,-1.81813,0,time:,193.5
2.92332,1.924,0,-2.92332,-1.924,0,time:,194
2.84524,2.02707,0,-2.84524,-2.02707,0,time:,194.5
2.76299,2.12716,0,-2.76299,-2.12716,0,time:,195
2.67666,2.22412,0,-2.67666,-2.22412,0,time:,195.5
2.58637,2.31778,0,-2.58637,-2.31778,0,time:,196
2.49221,2.40799,0,-2.49221,-2.40799,0,time:,196.5
2.39432,2.49458,0,-2.39432,-2.49458,0,time:,197
2.2928,2.5774,0,-2.2928,-2.5774,0,time:,197.5
2.18779,2.6563,0,-2.18779,-2.6563,0,time:,198
2.07943,2.73112,0,-2.07943,-2.73112,0,time:,198.5
1.96785,2.80173,0,-1.96785,-2.80173,0,time:,199
1.85321,2.86797,0,-1.85321,-2.86797,0,time:,199.5
1.73566,2.92971,0,-1.73566,-2.92971,0,time:,200
1.61536,2.98682,0,-1.61536,-2.98682,0,time:,200.5
1.49249,3.03916,0,-1.49249,-3.03916,0,time:,201
1.3672,3.0866,0,-1.3672,-3.0866,0,time:,201.5
1.2397,3.12904,0,-1.2397,-3.12904,0,time:,202
1.11017,3.16634,0,-1.11017,-3.16634,0,time:,202.5
0.978795,3.19841,0,-0.978795,-3.19841,0,time:,203
0.845788,3.22513,0,-0.845788,-3.22513,0,time:,203.5
0.711353,3.24642,0,-0.711353,-3.24642,0,time:,204
0.575707,3.26219,0,-0.575707,-3.26219,0,time:,204.5
0.439071,3.27234,0,-0.439071,-3.27234,0,time:,205
0.301671,3.27682,0,-0.301671,-3.27682,0,time:,205.5
0.163741,3.27554,0,-0.163741,-3.27554,0,time:,206
0.0255206,3.26847,0,-0.0255206,-3.26847,0,time:,206.5
-0.112747,3.25554,0,0.112747,-3.25554,0,time:,207
-0.250811,3.23673,0,0.250811,-3.23673,0,time:,207.5
-0.388418,3.21201,0,0.388418,-3.21201,0,time:,208
-0.525309,3.18137,0,0.525309,-3.18137,0,time:,208.5
-0.661222,3.14479,0,0.661222,-3.14479,0,time:,209
-0.795891,3.10229,0,0.795891,-3.10229,0,time:,209.5
-0.929047,3.05389,0,0.929047,-3.05389,0,time:,210
-1.06042,2.99962,0,1.06042,-2.99962,0,time:,210.5
-1.18973,2.93953,0,1.18973,-2.93953,0,time:,211
-1.31672,2.87368,0,1.31672,-2.87368,0,time:,211.5
-1.4411,2.80215,0,1.4411,-2.80215,0,time:,212
-1.5626,2.72502,0,1.5626,-2.72502,0,time:,212.5
-1.68096,2.64239,0,1.68096,-2.64239,0,time:,213
-1.79589,2.55439,0,1.79589,-2.55439,0,time:,213.5
-1.90714,2.46115,0,1.90714,-2.46115,0,time:,214
-2.01445,2.36281,0,2.01445,-2.36281,0,time:,214.5
-2.11755,2.25953,0,2.11755,-2.25953,0,time:,215
-2.21619,2.15151,0,2.21619,-2.15151,0,time:,215.5
-2.31014,2.03891,0,2.31014,-2.03891,0,time:,216
-2.39915,1.92197,0,2.39915,-1.92197,0,time:,216.5
-2.483,1.80088,0,2.483,-1.80088,0,time:,217
-2.56148,1.6759,0,2.56148,-1.6759,0,time:,217.5
-2.63438,1.54726,0,2.63438,-1.54726,0,time:,218
-2.7015,1.41524,0,2.7015,-1.41524,0,time:,218.5
-2.76268,1.28009,0,2.76268,-1.28009,0,time:,219
-2.81774,1.14211,0,2.81774,-1.14211,0,time:,219.5
-2.86654,1.00159,0,2.86654,-1.00159,0,time:,220
-2.90894,0.858831,0,2.90894,-0.858831,0,time:,220.5
-2.94482,0.714148,0,2.94482,-0.714148,0,time:,221
-2.9741,0.56786,0,2.9741,-0.56786,0,time:,221.5
-2.99667,0.420292,0,2.99667,-0.420292,0,time:,222
-3.01249,0.271775,0,3.01249,-0.271775,0,time:,222.5
-3.02151,0.122642,0,3.02151,-0.122642,0,time:,223
-3.02371,-0.0267702,0,3.02371,0.0267702,0,time:,223.5
-3.01906,-0.176123,0,3.01906,0.176123,0,time:,224
-3.0076,-0.32508,0,3.0076,0.32508,0,time:,224.5
-2.98935,-0.473305,0,2.98935,0.473305,0,time:,225
-2.96436,-0.620465,0,2.96436,0.620465,0,time:,225.5
-2.9327,-0.766232,0,2.9327,0.766232,0,time:,226
-2.89446,-0.91028,0,2.89446,0.91028,0,time:,226.5
-2.84975,-1.0523,0,2.84975,1.0523,0,time:,227
-2.79869,-1.19197,0,2.79869,1.19197,0,time:,227.5
-2.74141,-1.32899,0,2.74141,1.32899,0,time:,228
-2.67807,-1.46308,0,2.67807,1.46308,0,time:,228.5
-2.60884,-1.59396,0,2.60884,1.59396,0,time:,229
-2.53391,-1.72135,0,2.53391,1.72135,0,time:,229.5
-2.45346,-1.845,0,2.45346,1.845,0,time:,230
-2.36772,-1.96467,0,2.36772,1.96467,0,time:,230.5
-2.27689,-2.08013,0,2.27689,2.08013,0,time:,231
-2.18122,-2.19115,0,2.18122,2.19115,0,time:,231.5
-2.08092,-2.29754,0,2.08092,2.29754,0,time:,232
-1.97627,-2.39912,0,1.97627,2.39912,0,time:,232.5
-1.86749,-2.4957,0,1.86749,2.4957,0,time:,233
-1.75487,-2.58714,0,1.75487,2.58714,0,time:,233.5
-1.63865,-2.67328,0,1.63865,2.67328,0,time:,234
-1.51911,-2.75401,0,1.51911,2.75401,0,time:,234.5
-1.39651,-2.8292,0,1.39651,2.8292,0,time:,235
-1.27114,-2.89877,0,1.27114,2.89877,0,time:,235.5
-1.14326,-2.96263,0,1.14326,2.96263,0,time:,236
-1.01314,-3.0207,0,1.01314,3.0207,0,time:,236.5
-0.881071,-3.07294,0,0.881071,3.07294,0,time:,237
-0.747311,-3.1193,0,0.747311,3.1193,0,time:,237.5
-0.612133,-3.15976,0,0.612133,3.15976,0,time:,238
-0.475806,-3.19429,0,0.475806,3.19429,0,time:,238.5
-0.338595,-3.2229,0,0.338595,3.2229,0,time:,239
-0.20076,-3.24558,0,0.20076,3.24558,0,time:,239.5
-0.062559,-3.26237,0,0.062559,3.26237,0,time:,240
0.0757566,-3.2733,0,-0.0757566,3.2733,0,time:,240.5
0.213939,-3.27839,0,-0.213939,3.27839,0,time:,241
0.351746,-3.2777,0,-0.351746,3.2777,0,time:,241.5
0.488941,-3.2713,0,-0.488941,3.2713,0,time:,242
0.625294,-3.25925,0,-0.625294,3.25925,0,time:,242.5
0.760579,-3.24163,0,-0.760579,3.24163,0,time:,243
0.894577,-3.21851,0,-0.894577,3.21851,0,time:,243.5
1.02708,-3.19,0,-1.02708,3.19,0,time:,244
1.15787,-3.1562,0,-1.15787,3.1562,0,time:,244.5
1.28677,-3.1172,0,-1.28677,3.1172,0,time:,245
1.41357,-3.07312,0,-1.41357,3.07312,0,time:,245.5
1.53808,-3.02408,0,-1.53808,3.02408,0,time:,246
1.66014,-2.9702,0,-1.66014,2.9702,0,time:,246.5
1.77957,-2.91161,0,-1.77957,2.91161,0,time:,247
1.89619,-2.84843,0,-1.89619,2.84843,0,time:,247.5
2.00986,-2.78082,0,-2.00986,2.78082,0,time:,248
2.12043,-2.7089,0,-2.12043,2.7089,0,time:,248.5
2.22773,-2.63282,0,-2.22773,2.63282,0,time:,249
2.33165,-2.55273,0,-2.33165,2.55273,0,time:,249.5
2.43204,-2.46878,0,-2.43204,2.46878,0,time:,250
2.52878,-2.38112,0,-2.52878,2.38112,0,time:,250.5
2.62175,-2.28991,0,-2.62175,2.28991,0,time:,251
2.71083,-2.1953,0,-2.71083,2.1953,0,time:,251.5
2.79593,-2.09746,0,-2.79593,2.09746,0,time:,252
2.87693,-1.99655,0,-2.87693,1.99655,0,time:,252.5
2.95375,-1.89274,0,-2.95375,1.89274,0,time:,253
3.02629,-1.78618,0,-3.02629,1.78618,0,time:,253.5
3.09447,-1.67705,0,-3.09447,1.67705,0,time:,254
3.15822,-1.56551,0,-3.15822,1.56551,0,time:,254.5
3.21746,-1.45174,0,-3.21746,1.45174,0,time:,255
3.27214,-1.33591,0,-3.27214,1.33591,0,time:,255.5
3.32218,-1.21818,0,-3.32218,1.21818,0,time:,256
3.36753,-1.09874,0,-3.36753,1.09874,0,time:,256.5
3.40815,-0.977749,0,-3.40815,0.977749,0,time:,257
3.44399,-0.855387,0,-3.44399,0.855387,0,time:,257.5
3.47502,-0.731827,0,-3.47502,0.731827,0,time:,258
3.50119,-0.607245,0,-3.50119,0.607245,0,time:,258.5
3.5225,-0.481816,0,-3.5225,0.481816,0,time:,259
3.5389,-0.355717,0,-3.5389,0.355717,0,time:,259.5
3.55038,-0.229122,0,-3.55038,0.229122,0,time:,260
3.55694,-0.102208,0,-3.55694,0.102208,0,time:,260.5
3.55857,0.0248478,0,-3.55857,-0.0248478,0,time:,261
3.55526,0.151871,0,-3.55526,-0.151871,0,time:,261.5
3.54702,0.278684,0,-3.54702,-0.278684,0,time:,262
3.53386,0.405111,0,-3.53386,-0.405111,0,time:,262.5
3.51579,0.530976,0,-3.51579,-0.530976,0,time:,263
3.49284,0.656105,0,-3.49284,-0.656105,0,time:,263.5
3.46502,0.78032,0,-3.46502,-0.78032,0,time:,264
3.43237,0.903449,0,-3.43237,-0.903449,0,time:,264.5
3.39492,1.02531,0,-3.39492,-1.02531,0,time:,265
3.35271,1.14575,0,-3.35271,-1.14575,0,time:,265.5
3.30579,1.26457,0,-3.30579,-1.26457,0,time:,266
3.25422,1.38161,0,-3.25422,-1.38161,0,time:,266.5
3.19804,1.49669,0,-3.19804,-1.49669,0,time:,267
3.13731,1.60966,0,-3.13731,-1.60966,0,time:,267.5
3.07212,1.72033,0,-3.07212,-1.72033,0,time:,268
3.00253,1.82853,0,-3.00253,-1.82853,0,time:,268.5
2.92862,1.93411,0,-2.92862,-1.93411,0,time:,269
2.85048,2.03689,0,-2.85048,-2.03689,0,time:,269.5
2.76819,2.13671,0,-2.76819,-2.13671,0,time:,270
2.68186,2.23342,0,-2.68186,-2.23342,0,time:,270.5
2.59158,2.32683,0,-2.59158,-2.32683,0,time:,271
2.49747,2.41681,0,-2.49747,-2.41681,0,time:,271.5
2.39964,2.50319,0,-2.39964,-2.50319,0,time:,272
2.29822,2.58582,0,-2.29822,-2.58582,0,time:,272.5
2.19332,2.66455,0,-2.19332,-2.66455,0,time:,273
2.08509,2.73922,0,-2.08509,-2.73922,0,time:,273.5
1.97367,2.8097,0,-1.97367,-2.8097,0,time:,274
1.85919,2.87584,0,-1.85919,-2.87584,0,time:,274.5
1.74183,2.93751,0,-1.74183,-2.93751,0,time:,275
1.62173,2.99457,0,-1.62173,-2.99457,0,time:,275.5
1.49906,3.0469,0,-1.49906,-3.0469,0,time:,276
1.374,3.09436,0,-1.374,-3.09436,0,time:,276.5
1.24673,3.13684,0,-1.24673,-3.13684,0,time:,277
1.11743,3.17422,0,-1.11743,-3.17422,0,time:,277.5
0.9863,3.20639,0,-0.9863,-3.20639,0,time:,278
0.853534,3.23326,0,-0.853534,-3.23326,0,time:,278.5
0.719342,3.25473,0,-0.719342,-3.25473,0,time:,279
0.583935,3.27071,0,-0.583935,-3.27071,0,time:,279.5
0.447532,3.28111,0,-0.447532,-3.28111,0,time:,280
0.310359,3.28586,0,-0.310359,-3.28586,0,time:,280.5
0.172645,3.28491,0,-0.172645,-3.28491,0,time:,281
0.0346267,3.27819,0,-0.0346267,-3.27819,0,time:,281.5
-0.103454,3.26565,0,0.103454,-3.26565,0,time:,282
-0.241349,3.24727,0,0.241349,-3.24727,0,time:,282.5
-0.378809,3.223,0,0.378809,-3.223,0,time:,283
-0.515577,3.19284,0,0.515577,-3.19284,0,time:,283.5
-0.651394,3.15679,0,0.651394,-3.15679,0,time:,284
-0.785996,3.11485,0,0.785996,-3.11485,0,time:,284.5
-0.919117,3.06703,0,0.919117,-3.06703,0,time:,285
-1.05049,3.01337,0,1.05049,-3.01337,0,time:,285.5
-1.17984,2.95392,0,1.17984,-2.95392,0,time:,286
-1.30691,2.88874,0,1.30691,-2.88874,0,time:,286.5
-1.43141,2.81789,0,1.43141,-2.81789,0,time:,287
-1.55308,2.74146,0,1.55308,-2.74146,0,time:,287.5
-1.67165,2.65956,0,1.67165,-2.65956,0,time:,288
-1.78685,2.57229,0,1.78685,-2.57229,0,time:,288.5
-1.89842,2.47979,0,1.89842,-2.47979,0,time:,289
-2.00609,2.38221,0,2.00609,-2.38221,0,time:,289.5
-2.10961,2.27969,0,2.10961,-2.27969,0,time:,290
-2.20874,2.17243,0,2.20874,-2.17243,0,time:,290.5
-2.30323,2.06059,0,2.30323,-2.06059,0,time:,291
-2.39284,1.94439,0,2.39284,-1.94439,0,time:,291.5
-2.47735,1.82405,0,2.47735,-1.82405,0,time:,292
-2.55654,1.69979,0,2.55654,-1.69979,0,time:,292.5
-2.63022,1.57186,0,2.63022,-1.57186,0,time:,293
-2.69818,1.44051,0,2.69818,-1.44051,0,time:,293.5
-2.76025,1.30602,0,2.76025,-1.30602,0,time:,294
-2.81626,1.16866,0,2.81626,-1.16866,0,time:,294.5
-2.86607,1.02872,0,2.86607,-1.02872,0,time:,295
-2.90954,0.886503,0,2.90954,-0.886503,0,time:,295.5
-2.94654,0.742317,0,2.94654,-0.742317,0,time:,296
-2.97698,0.596476,0,2.97698,-0.596476,0,time:,296.5
-3.00078,0.449302,0,3.00078,-0.449302,0,time:,297
-3.01786,0.301121,0,3.01786,-0.301121,0,time:,297.5
-3.02819,0.152264,0,3.02819,-0.152264,0,time:,298
-3.03173,0.0030643,0,3.03173,-0.0030643,0,time:,298.5
-3.02846,-0.146144,0,3.02846,0.146144,0,time:,299
-3.01841,-0.295027,0,3.01841,0.295027,0,time:,299.5
-3.0016,-0.443251,0,3.0016,0.443251,0,time:,300
-2.97807,-0.590485,0,2.97807,0.590485,0,time:,300.5
-2.9479,-0.736402,0,2.9479,0.736402,0,time:,301
-2.91115,-0.880681,0,2.91115,0.880681,0,time:,301.5
-2.86794,-1.02301,0,2.86794,1.02301,0,time:,302
-2.81839,-1.16307,0,2.81839,1.16307,0,time:,302.5
-2.76261,-1.30057,0,2.76261,1.30057,0,time:,303
-2.70077,-1.43521,0,2.70077,1.43521,0,time:,303.5
-2.63304,-1.56673,0,2.63304,1.56673,0,time:,304
-2.55958,-1.69484,0,2.55958,1.69484,0,time:,304.5
-2.48059,-1.81929,0,2.48059,1.81929,0,time:,305
-2.39628,-1.93984,0,2.39628,1.93984,0,time:,305.5
-2.30685,-2.05626,0,2.30685,2.05626,0,time:,306
-2.21254,-2.16832,0,2.21254,2.16832,0,time:,306.5
-2.11358,-2.27582,0,2.11358,2.27582,0,time:,307
-2.0102,-2.37858,0,2.0102,2.37858,0,time:,307.5
-1.90267,-2.47642,0,1.90267,2.47642,0,time:,308
-1.79123,-2.56918,0,1.79123,2.56918,0,time:,308.5
-1.67615,-2.65672,0,1.67615,2.65672,0,time:,309
-1.55768,-2.7389,0,1.55768,2.7389,0,time:,309.5
-1.43611,-2.81561,0,1.43611,2.81561,0,time:,310
-1.31168,-2.88675,0,1.31168,2.88675,0,time:,310.5
-1.18469,-2.95223,0,1.18469,2.95223,0,time:,311
-1.05539,-3.01198,0,1.05539,3.01198,0,time:,311.5
-0.924066,-3.06594,0,0.924066,3.06594,0,time:,312
-0.790978,-3.11407,0,0.790978,3.11407,0,time:,312.5
-0.656398,-3.15633,0,0.656398,3.15633,0,time:,313
-0.520593,-3.1927,0,0.520593,3.1927,0,time:,313.5
-0.383825,-3.22318,0,0.383825,3.22318,0,time:,314
-0.246353,-3.24777,0,0.246353,3.24777,0,time:,314.5
-0.108434,-3.26649,0,0.108434,3.26649,0,time:,315
0.0296804,-3.27936,0,-0.0296804,3.27936,0,time:,315.5
0.167744,-3.28641,0,-0.167744,3.28641,0,time:,316
0.305515,-3.28771,0,-0.305515,3.28771,0,time:,316.5
0.442758,-3.2833,0,-0.442758,3.2833,0,time:,317
0.579241,-3.27324,0,-0.579241,3.27324,0,time:,317.5
0.71474,-3.25762,0,-0.71474,3.25762,0,time:,318
0.849037,-3.2365,0,-0.849037,3.2365,0,time:,318.5
0.981919,-3.20999,0,-0.981919,3.20999,0,time:,319
1.11318,-3.17817,0,-1.11318,3.17817,0,time:,319.5
1.24262,-3.14115,0,-1.24262,3.14115,0,time:,320
1.37005,-3.09904,0,-1.37005,3.09904,0,time:,320.5
1.49527,-3.05195,0,-1.49527,3.05195,0,time:,321
1.61812,-3,0,-1.61812,3,0,time:,321.5
1.73842,-2.94331,0,-1.73842,2.94331,0,time:,322
1.856,-2.88202,0,-1.856,2.88202,0,time:,322.5
1.9707,-2.81626,0,-1.9707,2.81626,0,time:,323
2.08236,-2.74616,0,-2.08236,2.74616,0,time:,323.5
2.19085,-2.67187,0,-2.19085,2.67187,0,time:,324
2.29602,-2.59353,0,-2.29602,2.59353,0,time:,324.5
2.39774,-2.51129,0,-2.39774,2.51129,0,time:,325
2.49588,-2.4253,0,-2.49588,2.4253,0,time:,325.5
2.59033,-2.33571,0,-2.59033,2.33571,0,time:,326
2.68095,-2.24268,0,-2.68095,2.24268,0,time:,326.5
2.76766,-2.14637,0,-2.76766,2.14637,0,time:,327
2.85033,-2.04694,0,-2.85033,2.04694,0,time:,327.5
2.92889,-1.94454,0,-2.92889,1.94454,0,time:,328
3.00324,-1.83935,0,-3.00324,1.83935,0,time:,328.5
3.07328,-1.73152,0,-3.07328,1.73152,0,time:,329
3.13896,-1.62123,0,-3.13896,1.62123,0,time:,329.5
3.20018,-1.50864,0,-3.20018,1.50864,0,time:,330
3.25689,-1.39392,0,-3.25689,1.39392,0,time:,330.5
3.30903,-1.27723,0,-3.30903,1.27723,0,time:,331
3.35652,-1.15876,0,-3.35652,1.15876,0,time:,331.5
3.39934,-1.03867,0,-3.39934,1.03867,0,time:,332
3.43742,-0.917137,0,-3.43742,0.917137,0,time:,332.5
3.47073,-0.794327,0,-3.47073,0.794327,0,time:,333
3.49924,-0.670416,0,-3.49924,0.670416,0,time:,333.5
3.52291,-0.545578,0,-3.52291,0.545578,0,time:,334
3.54173,-0.419987,0,-3.54173,0.419987,0,time:,334.5
3.55566,-0.293816,0,-3.55566,0.293816,0,time:,335
3.5647,-0.16724,0,-3.5647,0.16724,0,time:,335.5
3.56884,-0.0404325,0,-3.56884,0.0404325,0,time:,336
3.56808,0.0864312,0,-3.56808,-0.0864312,0,time:,336.5
3.56241,0.213177,0,-3.56241,-0.213177,0,time:,337
3.55184,0.33963,0,-3.55184,-0.33963,0,time:,337.5
3.53638,0.465618,0,-3.53638,-0.465618,0,time:,338
3.51606,0.590965,0,-3.51606,-0.590965,0,time:,338.5
3.49088,0.715497,0,-3.49088,-0.715497,0,time:,339
3.46089,0.839043,0,-3.46089,-0.839043,0,time:,339.5
3.42611,0.961428,0,-3.42611,-0.961428,0,time:,340
3.38657,1.08248,0,-3.38657,-1.08248,0,time:,340.5
3.34232,1.20203,0,-3.34232,-1.20203,0,time:,341
3.29342,1.3199,0,-3.29342,-1.3199,0,time:,341.5
3.2399,1.43593,0,-3.2399,-1.43593,0,time:,342
3.18183,1.54994,0,-3.18183,-1.54994,0,time:,342.5
3.11928,1.66177,0,-3.11928,-1.66177,0,time:,343
3.05232,1.77124,0,-3.05232,-1.77124,0,time:,343.5
2.98101,1.8782,0,-2.98101,-1.8782,0,time:,344
2.90544,1.98247,0,-2.90544,-1.98247,0,time:,344.5
2.8257,2.0839,0,-2.8257,-2.0839,0,time:,345
2.74188,2.18232,0,-2.74188,-2.18232,0,time:,345.5
2.65408,2.27758,0,-2.65408,-2.27758,0,time:,346
2.5624,2.3695,0,-2.5624,-2.3695,0,time:,346.5
2.46695,2.45794,0,-2.46695,-2.45794,0,time:,347
2.36786,2.54275,0,-2.36786,-2.54275,0,time:,347.5
2.26523,2.62377,0,-2.26523,-2.62377,0,time:,348
2.1592,2.70085,0,-2.1592,-2.70085,0,time:,348.5
2.04991,2.77385,0,-2.04991,-2.77385,0,time:,349
1.9375,2.84263,0,-1.9375,-2.84263,0,time:,349.5
1.82211,2.90704,0,-1.82211,-2.90704,0,time:,350
1.70391,2.96695,0,-1.70391,-2.96695,0,time:,350.5
1.58304,3.02224,0,-1.58304,-3.02224,0,time:,351
1.45968,3.07277,0,-1.45968,-3.07277,0,time:,351.5
1.334,3.11843,0,-1.334,-3.11843,0,time:,352
1.20619,3.15909,0,-1.20619,-3.15909,0,time:,352.5
1.07643,3.19464,0,-1.07643,-3.19464,0,time:,353
0.944906,3.22498,0,-0.944906,-3.22498,0,time:,353.5
0.811829,3.25002,0,-0.811829,-3.25002,0,time:,354
0.677402,3.26965,0,-0.677402,-3.26965,0,time:,354.5
0.541837,3.28379,0,-0.541837,-3.28379,0,time:,355
0.405352,3.29237,0,-0.405352,-3.29237,0,time:,355.5
0.268173,3.29531,0,-0.268173,-3.29531,0,time:,356
0.13053,3.29256,0,-0.13053,-3.29256,0,time:,356.5
-0.00734284,3.28405,0,0.00734284,-3.28405,0,time:,357
-0.145203,3.26975,0,0.145203,-3.26975,0,time:,357.5
-0.282806,3.24962,0,0.282806,-3.24962,0,time:,358
-0.4199,3.22364,0,0.4199,-3.22364,0,time:,358.5
-0.556231,3.1918,0,0.556231,-3.1918,0,time:,359
-0.691541,3.15409,0,0.691541,-3.15409,0,time:,359.5
-0.825568,3.11053,0,0.825568,-3.11053,0,time:,360
-0.958049,3.06113,0,0.958049,-3.06113,0,time:,360.5
-1.08872,3.00594,0,1.08872,-3.00594,0,time:,361
-1.2173,2.945,0,1.2173,-2.945,0,time:,361.5
-1.34354,2.87838,0,1.34354,-2.87838,0,time:,362
-1.46716,2.80614,0,1.46716,-2.80614,0,time:,362.5
-1.58789,2.72838,0,1.58789,-2.72838,0,time:,363
-1.70547,2.6452,0,1.70547,-2.6452,0,time:,363.5
-1.81963,2.55671,0,1.81963,-2.55671,0,time:,364
-1.93011,2.46306,0,1.93011,-2.46306,0,time:,364.5
-2.03666,2.36438,0,2.03666,-2.36438,0,time:,365
-2.13902,2.26084,0,2.13902,-2.26084,0,time:,365.5
-2.23695,2.15262,0,2.23695,-2.15262,0,time:,366
-2.33021,2.03989,0,2.33021,-2.03989,0,time:,366.5
-2.41856,1.92288,0,2.41856,-1.92288,0,time:,367
-2.5018,1.80179,0,2.5018,-1.80179,0,time:,367.5
-2.5797,1.67686,0,2.5797,-1.67686,0,time:,368
-2.65207,1.54833,0,2.65207,-1.54833,0,time:,368.5
-2.71871,1.41645,0,2.71871,-1.41645,0,time:,369
-2.77946,1.28151,0,2.77946,-1.28151,0,time:,369.5
-2.83415,1.14377,0,2.83415,-1.14377,0,time:,370
-2.88264,1.00352,0,2.88264,-1.00352,0,time:,370.5
-2.9248,0.861073,0,2.9248,-0.861073,0,time:,371
-2.96051,0.716722,0,2.96051,-0.716722,0,time:,371.5
-2.98967,0.570785,0,2.98967,-0.570785,0,time:,372
-3.01221,0.423581,0,3.01221,-0.423581,0,time:,372.5
-3.02806,0.275436,0,3.02806,-0.275436,0,time:,373
-3.03719,0.126677,0,3.03719,-0.126677,0,time:,373.5
-3.03955,-0.0223664,0,3.03955,0.0223664,0,time:,374
-3.03515,-0.171361,0,3.03515,0.171361,0,time:,374.5
-3.024,-0.319977,0,3.024,0.319977,0,time:,375
-3.00613,-0.467883,0,3.00613,0.467883,0,time:,375.5
-2.98159,-0.614753,0,2.98159,0.614753,0,time:,376
-2.95045,-0.760263,0,2.95045,0.760263,0,time:,376.5
-2.91279,-0.904095,0,2.91279,0.904095,0,time:,377
-2.86871,-1.04594,0,2.86871,1.04594,0,time:,377.5
-2.81833,-1.18549,0,2.81833,1.18549,0,time:,378
-2.76179,-1.32245,0,2.76179,1.32245,0,time:,378.5
-2.69924,-1.45653,0,2.69924,1.45653,0,time:,379
-2.63085,-1.58746,0,2.63085,1.58746,0,time:,379.5
-2.55678,-1.71497,0,2.55678,1.71497,0,time:,380
-2.47724,-1.83881,0,2.47724,1.83881,0,time:,380.5
-2.39243,-1.95874,0,2.39243,1.95874,0,time:,381
-2.30256,-2.07453,0,2.30256,2.07453,0,time:,381.5
-2.20785,-2.18597,0,2.20785,2.18597,0,time:,382
-2.10854,-2.29285,0,2.10854,2.29285,0,time:,382.5
-2.00488,-2.395,0,2.00488,2.395,0,time:,383
-1.89709,-2.49223,0,1.89709,2.49223,0,time:,383.5
-1.78545,-2.5844,0,1.78545,2.5844,0,time:,384
-1.67021,-2.67136,0,1.67021,2.67136,0,time:,384.5
-1.55163,-2.75298,0,1.55163,2.75298,0,time:,385
-1.42997,-2.82915,0,1.42997,2.82915,0,time:,385.5
-1.30551,-2.89977,0,1.30551,2.89977,0,time:,386
-1.1785,-2.96476,0,1.1785,2.96476,0,time:,386.5
-1.04923,-3.02404,0,1.04923,3.02404,0,time:,387
-0.917959,-3.07756,0,0.917959,3.07756,0,time:,387.5
-0.784953,-3.12528,0,0.784953,3.12528,0,time:,388
-0.650479,-3.16716,0,0.650479,3.16716,0,time:,388.5
-0.5148,-3.20318,0,0.5148,3.20318,0,time:,389
-0.378178,-3.23334,0,0.378178,3.23334,0,time:,389.5
-0.240869,-3.25765,0,0.240869,3.25765,0,time:,390
-0.103126,-3.27611,0,0.103126,3.27611,0,time:,390.5
0.0348012,-3.28876,0,-0.0348012,3.28876,0,time:,391
0.172669,-3.29563,0,-0.172669,3.29563,0,time:,391.5
0.310239,-3.29678,0,-0.310239,3.29678,0,time:,392
0.447276,-3.29224,0,-0.447276,3.29224,0,time:,392.5
0.583552,-3.2821,0,-0.583552,3.2821,0,time:,393
0.718846,-3.26642,0,-0.718846,3.26642,0,time:,393.5
0.85294,-3.24529,0,-0.85294,3.24529,0,time:,394
0.985625,-3.21879,0,-0.985625,3.21879,0,time:,394.5
1.1167,-3.18701,0,-1.1167,3.18701,0,time:,395
1.24596,-3.15006,0,-1.24596,3.15006,0,time:,395.5
1.37322,-3.10804,0,-1.37322,3.10804,0,time:,396
1.49829,-3.06108,0,-1.49829,3.06108,0,time:,396.5
1.621,-3.00928,0,-1.621,3.00928,0,time:,397
1.74117,-2.95277,0,-1.74117,2.95277,0,time:,397.5
1.85865,-2.89168,0,-1.85865,2.89168,0,time:,398
1.97326,-2.82614,0,-1.97326,2.82614,0,time:,398.5
2.08486,-2.75628,0,-2.08486,2.75628,0,time:,399
2.19331,-2.68226,0,-2.19331,2.68226,0,time:,399.5
2.29847,-2.6042,0,-2.29847,2.6042,0,time:,400
2.4002,-2.52225,0,-2.4002,2.52225,0,time:,400.5
2.49837,-2.43657,0,-2.49837,2.43657,0,time:,401
2.59287,-2.34731,0,-2.59287,2.34731,0,time:,401.5
2.68359,-2.25462,0,-2.68359,2.25462,0,time:,402
2.77041,-2.15865,0,-2.77041,2.15865,0,time:,402.5
2.85323,-2.05957,0,-2.85323,2.05957,0,time:,403
2.93197,-1.95754,0,-2.93197,1.95754,0,time:,403.5
3.00652,-1.85271,0,-3.00652,1.85271,0,time:,404
3.07681,-1.74525,0,-3.07681,1.74525,0,time:,404.5
3.14275,-1.63533,0,-3.14275,1.63533,0,time:,405
3.20428,-1.52311,0,-3.20428,1.52311,0,time:,405.5
3.26132,-1.40875,0,-3.26132,1.40875,0,time:,406
3.31382,-1.29243,0,-3.31382,1.29243,0,time:,406.5
3.36171,-1.17432,0,-3.36171,1.17432,0,time:,407
3.40496,-1.05457,0,-3.40496,1.05457,0,time:,407.5
3.4435,-0.933376,0,-3.4435,0.933376,0,time:,408
3.47731,-0.810893,0,-3.47731,0.810893,0,time:,408.5
3.50634,-0.687295,0,-3.50634,0.687295,0,time:,409
3.53057,-0.562755,0,-3.53057,0.562755,0,time:,409.5
3.54997,-0.437445,0,-3.54997,0.437445,0,time:,410
3.56453,-0.311536,0,-3.56453,0.311536,0,time:,410.5
3.57422,-0.185201,0,-3.57422,0.185201,0,time:,411
3.57903,-0.058613,0,-3.57903,0.058613,0,time:,411.5
3.57898,0.068056,0,-3.57898,-0.068056,0,time:,412
3.57404,0.194633,0,-3.57404,-0.194633,0,time:,412.5
3.56424,0.320946,0,-3.56424,-0.320946,0,time:,413
3.54957,0.446822,0,-3.54957,-0.446822,0,time:,413.5
3.53006,0.572089,0,-3.53006,-0.572089,0,time:,414
3.50573,0.696575,0,-3.50573,-0.696575,0,time:,414.5
3.47659,0.820109,0,-3.47659,-0.820109,0,time:,415
3.44269,0.942519,0,-3.44269,-0.942519,0,time:,415.5
3.40406,1.06363,0,-3.40406,-1.06363,0,time:,416
3.36074,1.18329,0,-3.36074,-1.18329,0,time:,416.5
3.31278,1.3013,0,-3.31278,-1.3013,0,time:,417
3.26022,1.41752,0,-3.26022,-1.41752,0,time:,417.5
3.20313,1.53176,0,-3.20313,-1.53176,0,time:,418
3.14156,1.64386,0,-3.14156,-1.64386,0,time:,418.5
3.07559,1.75367,0,-3.07559,-1.75367,0,time:,419
3.00529,1.861,0,-3.00529,-1.861,0,time:,419.5
2.93074,1.9657,0,-2.93074,-1.9657,0,time:,420
2.85202,2.0676,0,-2.85202,-2.0676,0,time:,420.5
2.76922,2.16655,0,-2.76922,-2.16655,0,time:,421
2.68244,2.26239,0,-2.68244,-2.26239,0,time:,421.5
2.59178,2.35495,0,-2.59178,-2.35495,0,time:,422
2.49735,2.44409,0,-2.49735,-2.44409,0,time:,422.5
2.39925,2.52965,0,-2.39925,-2.52965,0,time:,423
2.29762,2.61148,0,-2.29762,-2.61148,0,time:,423.5
2.19258,2.68943,0,-2.19258,-2.68943,0,time:,424
2.08426,2.76336,0,-2.08426,-2.76336,0,time:,424.5
1.9728,2.83313,0,-1.9728,-2.83313,0,time:,425
1.85834,2.89859,0,-1.85834,-2.89859,0,time:,425.5
1.74103,2.95962,0,-1.74103,-2.95962,0,time:,426
1.62103,3.01607,0,-1.62103,-3.01607,0,time:,426.5
1.49852,3.06784,0,-1.49852,-3.06784,0,time:,427
1.37364,3.11478,0,-1.37364,-3.11478,0,time:,427.5
1.2466,3.1568,0,-1.2466,-3.1568,0,time:,428
1.11755,3.19377,0,-1.11755,-3.19377,0,time:,428.5
0.986709,3.22558,0,-0.986709,-3.22558,0,time:,429
0.854256,3.25215,0,-0.854256,-3.25215,0,time:,429.5
0.720399,3.27337,0,-0.720399,-3.27337,0,time:,430
0.585345,3.28915,0,-0.585345,-3.28915,0,time:,430.5
0.449309,3.29943,0,-0.449309,-3.29943,0,time:,431
0.312512,3.30412,0,-0.312512,-3.30412,0,time:,431.5
0.17518,3.30316,0,-0.17518,-3.30316,0,time:,432
0.0375448,3.2965,0,-0.0375448,-3.2965,0,time:,432.5
-0.100157,3.28409,0,0.100157,-3.28409,0,time:,433
-0.237683,3.2659,0,0.237683,-3.2659,0,time:,433.5
-0.374787,3.24189,0,0.374787,-3.24189,0,time:,434
-0.511218,3.21205,0,0.511218,-3.21205,0,time:,434.5
-0.646721,3.17638,0,0.646721,-3.17638,0,time:,435
-0.781039,3.13489,0,0.781039,-3.13489,0,time:,435.5
-0.91391,3.08758,0,0.91391,-3.08758,0,time:,436
-1.04507,3.03449,0,1.04507,-3.03449,0,time:,436.5
-1.17426,2.97567,0,1.17426,-2.97567,0,time:,437
-1.30121,2.91117,0,1.30121,-2.91117,0,time:,437.5
-1.42565,2.84105,0,1.42565,-2.84105,0,time:,438
-1.54731,2.76541,0,1.54731,-2.76541,0,time:,438.5
-1.66594,2.68434,0,1.66594,-2.68434,0,time:,439
-1.78127,2.59795,0,1.78127,-2.59795,0,time:,439.5
-1.89304,2.50636,0,1.89304,-2.50636,0,time:,440
-2.00099,2.40972,0,2.00099,-2.40972,0,time:,440.5
-2.10488,2.30817,0,2.10488,-2.30817,0,time:,441
-2.20445,2.2019,0,2.20445,-2.2019,0,time:,441.5
-2.29946,2.09107,0,2.29946,-2.09107,0,time:,442
-2.3897,1.9759,0,2.3897,-1.9759,0,time:,442.5
-2.47492,1.85658,0,2.47492,-1.85658,0,time:,443
-2.55492,1.73334,0,2.55492,-1.73334,0,time:,443.5
-2.6295,1.60642,0,2.6295,-1.60642,0,time:,444
-2.69847,1.47607,0,2.69847,-1.47607,0,time:,444.5
-2.76164,1.34255,0,2.76164,-1.34255,0,time:,445
-2.81885,1.20613,0,2.81885,-1.20613,0,time:,445.5
-2.86995,1.06709,0,2.86995,-1.06709,0,time:,446
-2.9148,0.925727,0,2.9148,-0.925727,0,time:,446.5
-2.95329,0.782343,0,2.95329,-0.782343,0,time:,447
-2.98531,0.637242,0,2.98531,-0.637242,0,time:,447.5
-3.01077,0.49074,0,3.01077,-0.49074,0,time:,448
-3.0296,0.343157,0,3.0296,-0.343157,0,time:,448.5
-3.04175,0.194815,0,3.04175,-0.194815,0,time:,449
-3.04719,0.0460412,0,3.04719,-0.0460412,0,time:,449.5
-3.04591,-0.102836,0,3.04591,0.102836,0,time:,450
-3.0379,-0.251487,0,3.0379,0.251487,0,time:,450.5
-3.02318,-0.399586,0,3.02318,0.399586,0,time:,451
-3.00181,-0.546805,0,3.00181,0.546805,0,time:,451.5
-2.97383,-0.692824,0,2.97383,0.692824,0,time:,452
-2.93933,-0.837324,0,2.93933,0.837324,0,time:,452.5
-2.89839,-0.979993,0,2.89839,0.979993,0,time:,453
-2.85113,-1.12053,0,2.85113,1.12053,0,time:,453.5
-2.79766,-1.25862,0,2.79766,1.25862,0,time:,454
-2.73815,-1.394,0,2.73815,1.394,0,time:,454.5
-2.67273,-1.52638,0,2.67273,1.52638,0,time:,455
-2.60159,-1.65548,0,2.60159,1.65548,0,time:,455.5
-2.5249,-1.78106,0,2.5249,1.78106,0,time:,456
-2.44286,-1.90287,0,2.44286,1.90287,0,time:,456.5
-2.35567,-2.02067,0,2.35567,2.02067,0,time:,457
-2.26357,-2.13426,0,2.26357,2.13426,0,time:,457.5
-2.16676,-2.24341,0,2.16676,2.24341,0,time:,458
-2.06549,-2.34795,0,2.06549,2.34795,0,time:,458.5
-1.96,-2.44769,0,1.96,2.44769,0,time:,459
-1.85053,-2.54247,0,1.85053,2.54247,0,time:,459.5
-1.73734,-2.63214,0,1.73734,2.63214,0,time:,460
-1.62069,-2.71657,0,1.62069,2.71657,0,time:,460.5
-1.50084,-2.79563,0,1.50084,2.79563,0,time:,461
-1.37805,-2.86923,0,1.37805,2.86923,0,time:,461.5
-1.25259,-2.93727,0,1.25259,2.93727,0,time:,462
-1.12473,-2.99967,0,1.12473,2.99967,0,time:,462.5
-0.99472,-3.05638,0,0.99472,3.05638,0,time:,463
-0.86284,-3.10733,0,0.86284,3.10733,0,time:,463.5
-0.729351,-3.15249,0,0.729351,3.15249,0,time:,464
-0.594515,-3.19184,0,0.594515,3.19184,0,time:,464.5
-0.458592,-3.22535,0,0.458592,3.22535,0,time:,465
-0.321838,-3.25304,0,0.321838,3.25304,0,time:,465.5
-0.184506,-3.27491,0,0.184506,3.27491,0,time:,466
-0.0468464,-3.29098,0,0.0468464,3.29098,0,time:,466.5
0.0908973,-3.30129,0,-0.0908973,3.30129,0,time:,467
0.228485,-3.30586,0,-0.228485,3.30586,0,time:,467.5
0.365682,-3.30476,0,-0.365682,3.30476,0,time:,468
0.502258,-3.29804,0,-0.502258,3.29804,0,time:,468.5
0.637991,-3.28577,0,-0.637991,3.28577,0,time:,469
0.772663,-3.26802,0,-0.772663,3.26802,0,time:,469.5
0.90606,-3.24487,0,-0.90606,3.24487,0,time:,470
1.03798,-3.21643,0,-1.03798,3.21643,0,time:,470.5
1.16822,-3.18277,0,-1.16822,3.18277,0,time:,471
1.29658,-3.14402,0,-1.29658,3.14402,0,time:,471.5
1.42289,-3.10026,0,-1.42289,3.10026,0,time:,472
1.54696,-3.05163,0,-1.54696,3.05163,0,time:,472.5
1.66862,-2.99823,0,-1.66862,2.99823,0,time:,473
1.7877,-2.94019,0,-1.7877,2.94019,0,time:,473.5
1.90403,-2.87765,0,-1.90403,2.87765,0,time:,474
2.01747,-2.81072,0,-2.01747,2.81072,0,time:,474.5
2.12787,-2.73955,0,-2.12787,2.73955,0,time:,475
2.23508,-2.66428,0,-2.23508,2.66428,0,time:,475.5
2.33898,-2.58505,0,-2.33898,2.58505,0,time:,476
2.43942,-2.50201,0,-2.43942,2.50201,0,time:,476.5
2.53629,-2.4153,0,-2.53629,2.4153,0,time:,477
2.62947,-2.32508,0,-2.62947,2.32508,0,time:,477.5
2.71886,-2.23149,0,-2.71886,2.23149,0,time:,478
2.80433,-2.1347,0,-2.80433,2.1347,0,time:,478.5
2.88581,-2.03486,0,-2.88581,2.03486,0,time:,479
2.96319,-1.93214,0,-2.96319,1.93214,0,time:,479.5
3.03639,-1.82668,0,-3.03639,1.82668,0,time:,480
3.10532,-1.71866,0,-3.10532,1.71866,0,time:,480.5
3.16992,-1.60823,0,-3.16992,1.60823,0,time:,481
3.2301,-1.49556,0,-3.2301,1.49556,0,time:,481.5
3.28581,-1.38083,0,-3.28581,1.38083,0,time:,482
3.33698,-1.26418,0,-3.33698,1.26418,0,time:,482.5
3.38356,-1.14579,0,-3.38356,1.14579,0,time:,483
3.42551,-1.02584,0,-3.42551,1.02584,0,time:,483.5
3.46277,-0.904478,0,-3.46277,0.904478,0,time:,484
3.49531,-0.781884,0,-3.49531,0.781884,0,time:,484.5
3.5231,-0.658225,0,-3.5231,0.658225,0,time:,485
3.54611,-0.533672,0,-3.54611,0.533672,0,time:,485.5
3.56431,-0.408395,0,-3.56431,0.408395,0,time:,486
3.57768,-0.282565,0,-3.57768,0.282565,0,time:,486.5
3.58622,-0.156351,0,-3.58622,0.156351,0,time:,487
3.58992,-0.0299251,0,-3.58992,0.0299251,0,time:,487.5
3.58877,0.096542,0,-3.58877,-0.096542,0,time:,488
3.58276,0.22288,0,-3.58276,-0.22288,0,time:,488.5
3.57192,0.348917,0,-3.57192,-0.348917,0,time:,489
3.55625,0.474484,0,-3.55625,-0.474484,0,time:,489.5
3.53577,0.599409,0,-3.53577,-0.599409,0,time:,490
3.51049,0.723523,0,-3.51049,-0.723523,0,time:,490.5
3.48046,0.846656,0,-3.48046,-0.846656,0,time:,491
3.44568,0.968638,0,-3.44568,-0.968638,0,time:,491.5
3.40622,1.0893,0,-3.40622,-1.0893,0,time:,492
3.36209,1.20848,0,-3.36209,-1.20848,0,time:,492.5
3.31336,1.326,0,-3.31336,-1.326,0,time:,493
3.26008,1.44169,0,-3.26008,-1.44169,0,time:,493.5
3.20229,1.5554,0,-3.20229,-1.5554,0,time:,494
3.14007,1.66696,0,-3.14007,-1.66696,0,time:,494.5
3.07348,1.7762,0,-3.07348,-1.7762,0,time:,495
3.0026,1.88295,0,-3.0026,-1.88295,0,time:,495.5
2.9275,1.98707,0,-2.9275,-1.98707,0,time:,496
2.84828,2.08838,0,-2.84828,-2.08838,0,time:,496.5
2.76501,2.18673,0,-2.76501,-2.18673,0,time:,497
2.67779,2.28196,0,-2.67779,-2.28196,0,time:,497.5
2.58674,2.37392,0,-2.58674,-2.37392,0,time:,498
2.49194,2.46245,0,-2.49194,-2.46245,0,time:,498.5
2.39353,2.5474,0,-2.39353,-2.5474,0,time:,499
2.29161,2.62863,0,-2.29161,-2.62863,0,time:,499.5
2.18632,2.70598,0,-2.18632,-2.70598,0,time:,500
